name,id
p2_wqp_data_aoi_doc_20240402.feather,1j-9UL9GLtgSTHrBERrPPOagOxNV_UH7L
p2_wqp_data_aoi_doc.feather,1OexvbKfe5Dl_uQ3Zqs2opY7ya7wRigUR
p2_site_counts_doc_20240402.rds,1yLUOEqFte34ZiD0imDFB3O-6xzBrEspi
p2_site_counts_doc.rds,1pc-4Hnph8Gwv-zg4-xtkk622EccB9WmV
p1_wqp_inventory_aoi_doc_20240402.rds,1Zggwkbib09UEzXLpq90bjqimCI2prLIK
p1_wqp_inventory_aoi_doc.rds,1F-82SQ4ME3BSdEty2stIXJwQ3OcJgWiI
p1_char_names_crosswalk_doc_20240402.rds,1ghJ9cnHjIZp17zM5SmT0xiLHo_UXxM08
p1_char_names_crosswalk_doc.rds,1Q6JaNT86VJOLwBITP3Adiml-LG5ThN0b
p1_wqp_params_doc_20240402.rds,1hKKwNBqml_RhnDA1H9BzlU7Bmg3zJ_pb
p1_wqp_params_doc.rds,14lUjT_ouX1-71vP4hsHwk2Zmismt28eQ
stable,1KHDWf6FLIJYgPncKvZ74ueUCpfXk5JYK
p2_wqp_data_aoi_doc_20240320.feather,1IkC1Gbvif8KvcbP79WT0RRQ1Q4pfoUTw
p2_site_counts_doc_20240320.rds,1T3EUWhx2JyeBzqAc4UZ-6RLf714MFf2i
p1_wqp_inventory_aoi_doc_20240320.rds,10uvx__sXXnfc4FzcZIBsFXPCpSjZ_56j
p1_char_names_crosswalk_doc_20240320.rds,1yuhOi-35G1LAGFabewMjEGXAG7BcOM-N
p1_wqp_params_doc_20240320.rds,1PH1LOa285SwzNHV1-Tdi7QhLl5oinMmj
p2_wqp_data_aoi_doc_20240306.feather,1vBtKqsJSWjQFFXyJJqKXdltX8veDgTAV
p2_wqp_data_aoi_doc_20240319.feather,1p8J6_sFl1KO7yu6aRHEVXePDVf9ibr6U
p2_site_counts_doc_20240319.rds,1Bje88ycfZPrzVbS8y78ZGktukaA9MBtB
p1_wqp_inventory_aoi_doc_20240319.rds,1oBX7VYINBY0lWbOCsYUaVZ-kNrx_gbUF
p1_char_names_crosswalk_doc_20240319.rds,1Iv-VF4G9-mhceV0dro7d1rEukUBLuzAG
p1_wqp_params_doc_20240319.rds,1GyZGtrXOOqBhaybE2YI5Yy04pdVRCAIO
p2_site_counts_doc_20240306.rds,1l9QQE6fkFx92mw_HvQhEA7t7snWWfXwf
p1_wqp_inventory_aoi_doc_20240306.rds,18kTPGlx4g4H283MBRB6KFfhNJJW6OqMU
p1_char_names_crosswalk_doc_20240306.rds,1b3-A-eph4EuBnwBttdNiAIoCJLKDIg1c
p1_wqp_params_doc_20240306.rds,1oL0_pcFoHRemOEUE78I6ntU6oticK50a
p1_wqp_inventory_aoi_doc_20240305.rds,1-GBt1Krb83MfbkSk7y-tdPBN83XnYGKb
p1_char_names_crosswalk_doc_20240305.rds,1EofZxVMl_oKSePDIUbOzqE284PzOzMUV
p1_wqp_params_doc_20240305.rds,1Nvg7fs1F9ImZ27YRYGw6N3zxKShG7SZ1
p1_wqp_inventory_aoi_doc_20240304.rds,1CDA0zJwOodtGtmDofdq8mqeOBUUO_3t3
p1_char_names_crosswalk_doc_20240304.rds,1NUnIlGiN5UBSboUbIFVH28ljQo5Aj3VY
p1_wqp_params_doc_20240304.rds,1Lrwzno0RytAo9J6EtnjMdjYJ-3osFtnT
